Bus No,Source,Destination,Departure,Arrival
TN 27 N 2001,Salem,Erode,04:30 AM,06:00 AM
TN 27 N 2002,Salem,Erode,04:55 AM,06:25 AM
TN 27 N 2003,Salem,Erode,05:20 AM,06:50 AM
TN 27 N 2004,Erode,Salem,04:30 AM,06:00 AM
TN 27 N 2005,Erode,Salem,04:55 AM,06:25 AM
TN 27 N 2006,Erode,Salem,05:20 AM,06:50 AM
TN 27 N 2001,Erode,Salem,06:10 AM,07:40 AM
TN 27 N 2002,Erode,Salem,06:35 AM,08:05 AM
TN 27 N 2003,Erode,Salem,07:00 AM,08:30 AM
TN 27 N 2004,Salem,Erode,06:10 AM,07:40 AM
TN 27 N 2005,Salem,Erode,06:35 AM,08:05 AM
TN 27 N 2006,Salem,Erode,07:00 AM,08:30 AM
TN 27 N 2001,Salem,Erode,07:50 AM,09:20 AM
TN 27 N 2002,Salem,Erode,08:15 AM,09:45 AM
TN 27 N 2003,Salem,Erode,08:40 AM,10:10 AM
TN 27 N 2004,Erode,Salem,07:50 AM,09:20 AM
TN 27 N 2005,Erode,Salem,08:15 AM,09:45 AM
TN 27 N 2006,Erode,Salem,08:40 AM,10:10 AM
TN 27 N 2001,Erode,Salem,09:30 AM,11:00 AM
TN 27 N 2002,Erode,Salem,09:55 AM,11:25 AM
TN 27 N 2003,Erode,Salem,10:20 AM,11:50 AM
TN 27 N 2004,Salem,Erode,09:30 AM,11:00 AM
TN 27 N 2005,Salem,Erode,09:55 AM,11:25 AM
TN 27 N 2006,Salem,Erode,10:20 AM,11:50 AM
TN 27 N 2001,Salem,Erode,11:10 AM,12:40 PM
TN 27 N 2002,Salem,Erode,11:35 AM,01:05 PM
TN 27 N 2003,Salem,Erode,12:00 PM,01:30 PM
TN 27 N 2004,Erode,Salem,11:10 AM,12:40 PM
TN 27 N 2005,Erode,Salem,11:35 AM,01:05 PM
TN 27 N 2006,Erode,Salem,12:00 PM,01:30 PM
TN 27 N 2001,Erode,Salem,12:50 PM,02:20 PM
TN 27 N 2002,Erode,Salem,01:15 PM,02:45 PM
TN 27 N 2003,Erode,Salem,01:40 PM,03:10 PM
TN 27 N 2004,Salem,Erode,12:50 PM,02:20 PM
TN 27 N 2005,Salem,Erode,01:15 PM,02:45 PM
TN 27 N 2006,Salem,Erode,01:40 PM,03:10 PM
TN 27 N 2001,Salem,Erode,03:30 PM,05:00 PM
TN 27 N 2002,Salem,Erode,03:55 PM,05:25 PM
TN 27 N 2003,Salem,Erode,04:20 PM,05:50 PM
TN 27 N 2004,Erode,Salem,03:30 PM,05:00 PM
TN 27 N 2005,Erode,Salem,03:55 PM,05:25 PM
TN 27 N 2006,Erode,Salem,04:20 PM,05:50 PM
TN 27 N 2001,Erode,Salem,05:10 PM,06:40 PM
TN 27 N 2002,Erode,Salem,05:35 PM,07:05 PM
TN 27 N 2003,Erode,Salem,06:00 PM,07:30 PM
TN 27 N 2004,Salem,Erode,05:10 PM,06:40 PM
TN 27 N 2005,Salem,Erode,05:35 PM,07:05 PM
TN 27 N 2006,Salem,Erode,06:00 PM,07:30 PM
TN 27 N 2001,Salem,Erode,07:40 PM,09:10 PM
TN 27 N 2002,Salem,Erode,08:05 PM,09:35 PM
TN 27 N 2003,Salem,Erode,08:30 PM,10:00 PM
TN 27 N 2004,Erode,Salem,07:40 PM,09:10 PM
TN 27 N 2005,Erode,Salem,08:05 PM,09:35 PM
TN 27 N 2006,Erode,Salem,08:30 PM,10:00 PM
TN 27 N 2001,Erode,Salem,09:20 PM,10:50 PM
TN 27 N 2002,Erode,Salem,09:45 PM,11:15 PM
TN 27 N 2003,Erode,Salem,10:10 PM,11:40 PM
TN 27 N 2004,Salem,Erode,09:20 PM,10:50 PM
TN 27 N 2005,Salem,Erode,09:45 PM,11:15 PM
TN 27 N 2006,Salem,Erode,10:10 PM,11:40 PM
